[{"model": "admin_interface.theme", "pk": 1, "fields": {"name": "Django", "active": true, "title": "Django administration", "title_color": "#F5DD5D", "title_visible": true, "logo": "", "logo_color": "#FFFFFF", "logo_max_width": 400, "logo_max_height": 100, "logo_visible": true, "favicon": "", "env_name": "", "env_color": "#E74C3C", "env_visible_in_header": true, "env_visible_in_favicon": true, "language_chooser_active": true, "language_chooser_display": "code", "css_header_background_color": "#0C4B33", "css_header_text_color": "#44B78B", "css_header_link_color": "#FFFFFF", "css_header_link_hover_color": "#C9F0DD", "css_module_background_color": "#44B78B", "css_module_background_selected_color": "#FFFFCC", "css_module_text_color": "#FFFFFF", "css_module_link_color": "#FFFFFF", "css_module_link_selected_color": "#FFFFFF", "css_module_link_hover_color": "#C9F0DD", "css_module_rounded_corners": true, "css_generic_link_color": "#0C3C26", "css_generic_link_hover_color": "#156641", "css_save_button_background_color": "#0C4B33", "css_save_button_background_hover_color": "#0C3C26", "css_save_button_text_color": "#FFFFFF", "css_delete_button_background_color": "#BA2121", "css_delete_button_background_hover_color": "#A41515", "css_delete_button_text_color": "#FFFFFF", "related_modal_active": true, "related_modal_background_color": "#000000", "related_modal_background_opacity": "0.3", "related_modal_rounded_corners": true, "related_modal_close_button_visible": true, "list_filter_dropdown": true, "list_filter_sticky": true, "foldable_apps": true, "recent_actions_visible": true, "form_submit_sticky": false, "form_pagination_sticky": false}}, {"model": "admin.logentry", "pk": 1, "fields": {"action_time": "2021-11-27T12:21:16.325Z", "user": 1, "content_type": 10, "object_id": "1", "object_repr": "Уведомление о приглашении на участие в закупке по потребности", "action_flag": 1, "change_message": "[{\"added\": {}}]"}}, {"model": "admin.logentry", "pk": 2, "fields": {"action_time": "2021-11-27T12:21:28.387Z", "user": 1, "content_type": 11, "object_id": "1", "object_repr": "Уведомление о приглашении на участие в закупке по потребности 1", "action_flag": 1, "change_message": "[{\"added\": {}}]"}}, {"model": "admin.logentry", "pk": 3, "fields": {"action_time": "2021-11-27T12:21:31.822Z", "user": 1, "content_type": 12, "object_id": "1", "object_repr": "admin Уведомление о приглашении на участие в закупке по потребности 1", "action_flag": 1, "change_message": "[{\"added\": {}}]"}}, {"model": "admin.logentry", "pk": 4, "fields": {"action_time": "2021-11-27T12:21:48.320Z", "user": 1, "content_type": 11, "object_id": "2", "object_repr": "Уведомление о приглашении на участие в закупке по потребности 2", "action_flag": 1, "change_message": "[{\"added\": {}}]"}}, {"model": "admin.logentry", "pk": 5, "fields": {"action_time": "2021-11-27T12:21:50.554Z", "user": 1, "content_type": 12, "object_id": "2", "object_repr": "admin Уведомление о приглашении на участие в закупке по потребности 2", "action_flag": 1, "change_message": "[{\"added\": {}}]"}}, {"model": "admin.logentry", "pk": 6, "fields": {"action_time": "2021-11-27T12:22:06.124Z", "user": 1, "content_type": 11, "object_id": "3", "object_repr": "Уведомление о приглашении на участие в закупке по потребности 3", "action_flag": 1, "change_message": "[{\"added\": {}}]"}}, {"model": "admin.logentry", "pk": 7, "fields": {"action_time": "2021-11-27T12:22:08.543Z", "user": 1, "content_type": 12, "object_id": "3", "object_repr": "admin Уведомление о приглашении на участие в закупке по потребности 3", "action_flag": 1, "change_message": "[{\"added\": {}}]"}}, {"model": "admin.logentry", "pk": 8, "fields": {"action_time": "2021-11-27T12:22:23.061Z", "user": 1, "content_type": 11, "object_id": "4", "object_repr": "Уведомление о приглашении на участие в закупке по потребности 4", "action_flag": 1, "change_message": "[{\"added\": {}}]"}}, {"model": "admin.logentry", "pk": 9, "fields": {"action_time": "2021-11-27T12:22:25.527Z", "user": 1, "content_type": 12, "object_id": "4", "object_repr": "admin Уведомление о приглашении на участие в закупке по потребности 4", "action_flag": 1, "change_message": "[{\"added\": {}}]"}}, {"model": "admin.logentry", "pk": 10, "fields": {"action_time": "2021-11-27T13:17:12.500Z", "user": 1, "content_type": 13, "object_id": "1", "object_repr": "Контракт", "action_flag": 1, "change_message": "[{\"added\": {}}]"}}, {"model": "admin.logentry", "pk": 11, "fields": {"action_time": "2021-11-27T13:17:14.332Z", "user": 1, "content_type": 10, "object_id": "1", "object_repr": "Уведомление о приглашении на участие в закупке по потребности", "action_flag": 2, "change_message": "[{\"changed\": {\"fields\": [\"\\u041f\\u0440\\u0438\\u043e\\u0440\\u0438\\u0442\\u0435\\u0442\", \"Group\"]}}]"}}, {"model": "admin.logentry", "pk": 12, "fields": {"action_time": "2021-11-27T13:17:16.643Z", "user": 1, "content_type": 11, "object_id": "1", "object_repr": "Уведомление о приглашении на участие в закупке по потребности 1", "action_flag": 2, "change_message": "[]"}}, {"model": "admin.logentry", "pk": 13, "fields": {"action_time": "2021-11-27T13:17:20.517Z", "user": 1, "content_type": 12, "object_id": "1", "object_repr": "admin Уведомление о приглашении на участие в закупке по потребности 1", "action_flag": 2, "change_message": "[{\"changed\": {\"fields\": [\"\\u0414\\u0430\\u0442\\u0430 \\u043e\\u0442\\u043f\\u0440\\u0430\\u0432\\u043a\\u0438\"]}}]"}}, {"model": "admin.logentry", "pk": 14, "fields": {"action_time": "2021-11-27T13:17:28.482Z", "user": 1, "content_type": 12, "object_id": "2", "object_repr": "admin Уведомление о приглашении на участие в закупке по потребности 2", "action_flag": 2, "change_message": "[{\"changed\": {\"fields\": [\"\\u0414\\u0430\\u0442\\u0430 \\u043e\\u0442\\u043f\\u0440\\u0430\\u0432\\u043a\\u0438\"]}}]"}}, {"model": "admin.logentry", "pk": 15, "fields": {"action_time": "2021-11-27T13:17:36.342Z", "user": 1, "content_type": 12, "object_id": "3", "object_repr": "admin Уведомление о приглашении на участие в закупке по потребности 3", "action_flag": 2, "change_message": "[{\"changed\": {\"fields\": [\"\\u0414\\u0430\\u0442\\u0430 \\u043e\\u0442\\u043f\\u0440\\u0430\\u0432\\u043a\\u0438\"]}}]"}}, {"model": "admin.logentry", "pk": 16, "fields": {"action_time": "2021-11-27T13:17:42.482Z", "user": 1, "content_type": 12, "object_id": "4", "object_repr": "admin Уведомление о приглашении на участие в закупке по потребности 4", "action_flag": 2, "change_message": "[{\"changed\": {\"fields\": [\"\\u0414\\u0430\\u0442\\u0430 \\u043e\\u0442\\u043f\\u0440\\u0430\\u0432\\u043a\\u0438\"]}}]"}}, {"model": "admin.logentry", "pk": 17, "fields": {"action_time": "2021-11-27T13:17:43.106Z", "user": 1, "content_type": 12, "object_id": "4", "object_repr": "admin Уведомление о приглашении на участие в закупке по потребности 4", "action_flag": 2, "change_message": "[{\"changed\": {\"fields\": [\"\\u0414\\u0430\\u0442\\u0430 \\u043e\\u0442\\u043f\\u0440\\u0430\\u0432\\u043a\\u0438\"]}}]"}}, {"model": "admin.logentry", "pk": 18, "fields": {"action_time": "2021-11-27T18:09:38.453Z", "user": 1, "content_type": 11, "object_id": "4", "object_repr": "Уведомление о приглашении на участие в закупке по потребности 4", "action_flag": 2, "change_message": "[{\"changed\": {\"fields\": [\"\\u041e\\u0441\\u043d\\u043e\\u0432\\u043d\\u043e\\u0439 \\u0442\\u0435\\u043a\\u0441\\u0442\"]}}]"}}, {"model": "admin.logentry", "pk": 19, "fields": {"action_time": "2021-11-28T09:53:16.531Z", "user": 1, "content_type": 12, "object_id": "4", "object_repr": "admin Уведомление о приглашении на участие в закупке по потребности 4", "action_flag": 3, "change_message": ""}}, {"model": "admin.logentry", "pk": 20, "fields": {"action_time": "2021-11-28T09:53:16.558Z", "user": 1, "content_type": 12, "object_id": "3", "object_repr": "admin Уведомление о приглашении на участие в закупке по потребности 3", "action_flag": 3, "change_message": ""}}, {"model": "admin.logentry", "pk": 21, "fields": {"action_time": "2021-11-28T09:53:16.575Z", "user": 1, "content_type": 12, "object_id": "2", "object_repr": "admin Уведомление о приглашении на участие в закупке по потребности 2", "action_flag": 3, "change_message": ""}}, {"model": "admin.logentry", "pk": 22, "fields": {"action_time": "2021-11-28T09:53:16.594Z", "user": 1, "content_type": 12, "object_id": "1", "object_repr": "admin Уведомление о приглашении на участие в закупке по потребности 1", "action_flag": 3, "change_message": ""}}, {"model": "admin.logentry", "pk": 23, "fields": {"action_time": "2021-11-28T09:58:37.325Z", "user": 1, "content_type": 13, "object_id": "2", "object_repr": "Котировочные сессии", "action_flag": 1, "change_message": "[{\"added\": {}}]"}}, {"model": "admin.logentry", "pk": 24, "fields": {"action_time": "2021-11-28T09:58:55.736Z", "user": 1, "content_type": 13, "object_id": "3", "object_repr": "Закупки по потребностям и прямая закупка", "action_flag": 1, "change_message": "[{\"added\": {}}]"}}, {"model": "admin.logentry", "pk": 25, "fields": {"action_time": "2021-11-28T09:59:03.986Z", "user": 1, "content_type": 13, "object_id": "4", "object_repr": "Оферты и СТЕ", "action_flag": 1, "change_message": "[{\"added\": {}}]"}}, {"model": "admin.logentry", "pk": 26, "fields": {"action_time": "2021-11-28T09:59:16.846Z", "user": 1, "content_type": 13, "object_id": "5", "object_repr": "Контракты и протоколы разногласий", "action_flag": 1, "change_message": "[{\"added\": {}}]"}}, {"model": "admin.logentry", "pk": 27, "fields": {"action_time": "2021-11-28T09:59:22.981Z", "user": 1, "content_type": 13, "object_id": "6", "object_repr": "ЭДО", "action_flag": 1, "change_message": "[{\"added\": {}}]"}}, {"model": "admin.logentry", "pk": 28, "fields": {"action_time": "2021-11-28T09:59:43.750Z", "user": 1, "content_type": 13, "object_id": "7", "object_repr": "Управление учетной записью и общественные обсуждения", "action_flag": 1, "change_message": "[{\"added\": {}}]"}}, {"model": "admin.logentry", "pk": 29, "fields": {"action_time": "2021-11-28T09:59:55.109Z", "user": 1, "content_type": 13, "object_id": "8", "object_repr": "Уведомление о блокировке", "action_flag": 1, "change_message": "[{\"added\": {}}]"}}, {"model": "admin.logentry", "pk": 30, "fields": {"action_time": "2021-11-28T10:00:05.245Z", "user": 1, "content_type": 13, "object_id": "9", "object_repr": "Публичный профиль компании", "action_flag": 1, "change_message": "[{\"added\": {}}]"}}, {"model": "admin.logentry", "pk": 31, "fields": {"action_time": "2021-11-28T10:00:13.800Z", "user": 1, "content_type": 13, "object_id": "10", "object_repr": "Техподдержка", "action_flag": 1, "change_message": "[{\"added\": {}}]"}}, {"model": "admin.logentry", "pk": 32, "fields": {"action_time": "2021-11-28T10:00:32.425Z", "user": 1, "content_type": 11, "object_id": "4", "object_repr": "Уведомление о приглашении на участие в закупке по потребности 4", "action_flag": 3, "change_message": ""}}, {"model": "admin.logentry", "pk": 33, "fields": {"action_time": "2021-11-28T10:00:32.433Z", "user": 1, "content_type": 11, "object_id": "3", "object_repr": "Уведомление о приглашении на участие в закупке по потребности 3", "action_flag": 3, "change_message": ""}}, {"model": "admin.logentry", "pk": 34, "fields": {"action_time": "2021-11-28T10:00:32.449Z", "user": 1, "content_type": 11, "object_id": "2", "object_repr": "Уведомление о приглашении на участие в закупке по потребности 2", "action_flag": 3, "change_message": ""}}, {"model": "admin.logentry", "pk": 35, "fields": {"action_time": "2021-11-28T10:00:32.465Z", "user": 1, "content_type": 11, "object_id": "1", "object_repr": "Уведомление о приглашении на участие в закупке по потребности 1", "action_flag": 3, "change_message": ""}}, {"model": "admin.logentry", "pk": 36, "fields": {"action_time": "2021-11-28T10:00:40.043Z", "user": 1, "content_type": 10, "object_id": "1", "object_repr": "Уведомление о приглашении на участие в закупке по потребности", "action_flag": 3, "change_message": ""}}, {"model": "admin.logentry", "pk": 37, "fields": {"action_time": "2021-11-28T10:04:47.090Z", "user": 1, "content_type": 10, "object_id": "2", "object_repr": "Уведомление о приглашении на участие в закупке по потребности", "action_flag": 1, "change_message": "[{\"added\": {}}]"}}, {"model": "admin.logentry", "pk": 38, "fields": {"action_time": "2021-11-28T10:05:05.722Z", "user": 1, "content_type": 10, "object_id": "3", "object_repr": "Уведомление об отклонении заявки поставщиком", "action_flag": 1, "change_message": "[{\"added\": {}}]"}}, {"model": "admin.logentry", "pk": 39, "fields": {"action_time": "2021-11-28T10:06:42.383Z", "user": 1, "content_type": 10, "object_id": "4", "object_repr": "Уведомление для поставщика о заключенном доп. соглашении", "action_flag": 1, "change_message": "[{\"added\": {}}]"}}, {"model": "admin.logentry", "pk": 40, "fields": {"action_time": "2021-11-28T10:07:07.916Z", "user": 1, "content_type": 13, "object_id": "1", "object_repr": "Контракт", "action_flag": 3, "change_message": ""}}, {"model": "admin.logentry", "pk": 41, "fields": {"action_time": "2021-11-28T10:07:56.893Z", "user": 1, "content_type": 10, "object_id": "5", "object_repr": "Уведомление для поставщика о подписанном расторжении", "action_flag": 1, "change_message": "[{\"added\": {}}]"}}, {"model": "admin.logentry", "pk": 42, "fields": {"action_time": "2021-11-28T10:08:22.557Z", "user": 1, "content_type": 10, "object_id": "6", "object_repr": "Уведомление для поставщика о заключенном контракте", "action_flag": 1, "change_message": "[{\"added\": {}}]"}}, {"model": "admin.logentry", "pk": 43, "fields": {"action_time": "2021-11-28T10:09:07.746Z", "user": 1, "content_type": 10, "object_id": "7", "object_repr": "Уведомление поставщика о протоколе разногласий заказчика с контрактом", "action_flag": 1, "change_message": "[{\"added\": {}}]"}}, {"model": "admin.logentry", "pk": 44, "fields": {"action_time": "2021-11-28T10:09:19.682Z", "user": 1, "content_type": 10, "object_id": "8", "object_repr": "Уведомление поставщика об отказе заказчика от заключения контракта", "action_flag": 1, "change_message": "[{\"added\": {}}]"}}, {"model": "admin.logentry", "pk": 45, "fields": {"action_time": "2021-11-28T10:09:29.628Z", "user": 1, "content_type": 10, "object_id": "9", "object_repr": "Уведомление заказчика об отказе поставщика от заключения контракта", "action_flag": 1, "change_message": "[{\"added\": {}}]"}}, {"model": "admin.logentry", "pk": 46, "fields": {"action_time": "2021-11-28T10:10:06.731Z", "user": 1, "content_type": 10, "object_id": "10", "object_repr": "Уведомление об автоматическом отказе от заключения контракта", "action_flag": 1, "change_message": "[{\"added\": {}}]"}}, {"model": "admin.logentry", "pk": 47, "fields": {"action_time": "2021-11-28T10:10:53.250Z", "user": 1, "content_type": 10, "object_id": "11", "object_repr": "Уведомление о запросе продления срока обработки контракта покупателем", "action_flag": 1, "change_message": "[{\"added\": {}}]"}}, {"model": "admin.logentry", "pk": 48, "fields": {"action_time": "2021-11-28T10:11:04.682Z", "user": 1, "content_type": 10, "object_id": "12", "object_repr": "Уведомление о запросе продления срока обработки контракта поставщиком", "action_flag": 1, "change_message": "[{\"added\": {}}]"}}, {"model": "admin.logentry", "pk": 49, "fields": {"action_time": "2021-11-28T10:12:29.117Z", "user": 1, "content_type": 10, "object_id": "13", "object_repr": "Уведомление о продлении срока обработки контракта", "action_flag": 1, "change_message": "[{\"added\": {}}]"}}, {"model": "admin.logentry", "pk": 50, "fields": {"action_time": "2021-11-28T10:13:18.793Z", "user": 1, "content_type": 10, "object_id": "14", "object_repr": "Уведомление об отказе в продлении срока обработки контракта", "action_flag": 1, "change_message": "[{\"added\": {}}]"}}, {"model": "admin.logentry", "pk": 51, "fields": {"action_time": "2021-11-28T10:14:11.129Z", "user": 1, "content_type": 10, "object_id": "15", "object_repr": "Уведомление о направлении проекта контракта заказчиком", "action_flag": 1, "change_message": "[{\"added\": {}}]"}}, {"model": "admin.logentry", "pk": 52, "fields": {"action_time": "2021-11-28T10:15:20.568Z", "user": 1, "content_type": 10, "object_id": "16", "object_repr": "Уведомление об отправке доп.соглашения заказчиком", "action_flag": 1, "change_message": "[{\"added\": {}}]"}}, {"model": "admin.logentry", "pk": 53, "fields": {"action_time": "2021-11-28T10:15:31.678Z", "user": 1, "content_type": 10, "object_id": "17", "object_repr": "Уведомление об отправке доп.соглашения поставщиком", "action_flag": 1, "change_message": "[{\"added\": {}}]"}}, {"model": "admin.logentry", "pk": 54, "fields": {"action_time": "2021-11-28T10:15:40.772Z", "user": 1, "content_type": 10, "object_id": "18", "object_repr": "Уведомление об отправке расторжения заказчиком", "action_flag": 1, "change_message": "[{\"added\": {}}]"}}, {"model": "admin.logentry", "pk": 55, "fields": {"action_time": "2021-11-28T10:15:50.895Z", "user": 1, "content_type": 10, "object_id": "19", "object_repr": "Уведомление об отправке расторжения поставщиком", "action_flag": 1, "change_message": "[{\"added\": {}}]"}}, {"model": "admin.logentry", "pk": 56, "fields": {"action_time": "2021-11-28T10:16:01.290Z", "user": 1, "content_type": 10, "object_id": "20", "object_repr": "Уведомление об изменении статуса контракта", "action_flag": 1, "change_message": "[{\"added\": {}}]"}}, {"model": "admin.logentry", "pk": 57, "fields": {"action_time": "2021-11-28T10:16:36.721Z", "user": 1, "content_type": 10, "object_id": "21", "object_repr": "Уведомление об успешной публикации всех оферт по котировочоной сессии", "action_flag": 1, "change_message": "[{\"added\": {}}]"}}, {"model": "admin.logentry", "pk": 58, "fields": {"action_time": "2021-11-28T10:17:11.778Z", "user": 1, "content_type": 10, "object_id": "22", "object_repr": "Уведомление о невыполнении обязательств поставщиком", "action_flag": 1, "change_message": "[{\"added\": {}}]"}}, {"model": "admin.logentry", "pk": 59, "fields": {"action_time": "2021-11-28T10:17:29.269Z", "user": 1, "content_type": 10, "object_id": "23", "object_repr": "Уведомление о снятии с публикации", "action_flag": 1, "change_message": "[{\"added\": {}}]"}}, {"model": "admin.logentry", "pk": 60, "fields": {"action_time": "2021-11-28T10:17:40.317Z", "user": 1, "content_type": 10, "object_id": "24", "object_repr": "Уведомление о новой ставке в котировочной сессии", "action_flag": 1, "change_message": "[{\"added\": {}}]"}}, {"model": "admin.logentry", "pk": 61, "fields": {"action_time": "2021-11-28T10:18:30.553Z", "user": 1, "content_type": 10, "object_id": "25", "object_repr": "Уведомление о победе в аукционе", "action_flag": 1, "change_message": "[{\"added\": {}}]"}}, {"model": "admin.logentry", "pk": 62, "fields": {"action_time": "2021-11-28T10:18:43.709Z", "user": 1, "content_type": 10, "object_id": "26", "object_repr": "Уведомление владельцу об окончании котировочной сессии", "action_flag": 1, "change_message": "[{\"added\": {}}]"}}, {"model": "admin.logentry", "pk": 63, "fields": {"action_time": "2021-11-28T10:18:54.961Z", "user": 1, "content_type": 10, "object_id": "27", "object_repr": "Уведомление владельцу о несостоявшемся аукционе", "action_flag": 1, "change_message": "[{\"added\": {}}]"}}, {"model": "admin.logentry", "pk": 64, "fields": {"action_time": "2021-11-28T10:19:04.887Z", "user": 1, "content_type": 10, "object_id": "28", "object_repr": "Уведомление о публикации оферты", "action_flag": 1, "change_message": "[{\"added\": {}}]"}}, {"model": "admin.logentry", "pk": 65, "fields": {"action_time": "2021-11-28T10:21:43.957Z", "user": 1, "content_type": 10, "object_id": "29", "object_repr": "Уведомление о завершении массовой загрузки оферт", "action_flag": 1, "change_message": "[{\"added\": {}}]"}}, {"model": "admin.logentry", "pk": 66, "fields": {"action_time": "2021-11-28T10:22:01.510Z", "user": 1, "content_type": 10, "object_id": "30", "object_repr": "Уведомление об одобрении заявки на создание/изменение СТЕ", "action_flag": 1, "change_message": "[{\"added\": {}}]"}}, {"model": "admin.logentry", "pk": 67, "fields": {"action_time": "2021-11-28T10:22:11.531Z", "user": 1, "content_type": 10, "object_id": "31", "object_repr": "Уведомление об отклонении заявки на создание/изменение СТЕ", "action_flag": 1, "change_message": "[{\"added\": {}}]"}}, {"model": "admin.logentry", "pk": 68, "fields": {"action_time": "2021-11-28T10:22:20.951Z", "user": 1, "content_type": 10, "object_id": "32", "object_repr": "Уведомление о возвращении заявки на создание/изменение СТЕ в работу", "action_flag": 1, "change_message": "[{\"added\": {}}]"}}, {"model": "admin.logentry", "pk": 69, "fields": {"action_time": "2021-11-28T10:22:35.161Z", "user": 1, "content_type": 10, "object_id": "33", "object_repr": "Уведомление о приближении окончания срока действия оферт", "action_flag": 1, "change_message": "[{\"added\": {}}]"}}, {"model": "admin.logentry", "pk": 70, "fields": {"action_time": "2021-11-28T10:22:50.170Z", "user": 1, "content_type": 10, "object_id": "34", "object_repr": "Уведомление об отклонении заявки из-за наличия альтернативного СТЕ", "action_flag": 1, "change_message": "[{\"added\": {}}]"}}, {"model": "admin.logentry", "pk": 71, "fields": {"action_time": "2021-11-28T10:23:01.081Z", "user": 1, "content_type": 10, "object_id": "35", "object_repr": "Уведомление о переводе СТЕ в архив", "action_flag": 1, "change_message": "[{\"added\": {}}]"}}, {"model": "admin.logentry", "pk": 72, "fields": {"action_time": "2021-11-28T10:23:20.454Z", "user": 1, "content_type": 10, "object_id": "36", "object_repr": "Публичный профиль компании: отправлена заявка на изменение данных", "action_flag": 1, "change_message": "[{\"added\": {}}]"}}, {"model": "admin.logentry", "pk": 73, "fields": {"action_time": "2021-11-28T10:23:33.556Z", "user": 1, "content_type": 10, "object_id": "37", "object_repr": "Публичный профиль компании: утверждена заявка на изменение данных", "action_flag": 1, "change_message": "[{\"added\": {}}]"}}, {"model": "admin.logentry", "pk": 74, "fields": {"action_time": "2021-11-28T10:23:43.484Z", "user": 1, "content_type": 10, "object_id": "38", "object_repr": "Публичный профиль компании: отклонена заявка на изменение данных", "action_flag": 1, "change_message": "[{\"added\": {}}]"}}, {"model": "admin.logentry", "pk": 75, "fields": {"action_time": "2021-11-28T10:23:55.471Z", "user": 1, "content_type": 10, "object_id": "39", "object_repr": "Публичный профиль компании (отзыв): новый отзыв на компанию", "action_flag": 1, "change_message": "[{\"added\": {}}]"}}, {"model": "admin.logentry", "pk": 76, "fields": {"action_time": "2021-11-28T10:24:31.324Z", "user": 1, "content_type": 10, "object_id": "40", "object_repr": "Публичный профиль компании (отзыв): одобрен отзыв на компанию", "action_flag": 1, "change_message": "[{\"added\": {}}]"}}, {"model": "admin.logentry", "pk": 77, "fields": {"action_time": "2021-11-28T10:24:41.685Z", "user": 1, "content_type": 10, "object_id": "41", "object_repr": "Публичный профиль компании (отзыв): отклонен отзыв на компанию", "action_flag": 1, "change_message": "[{\"added\": {}}]"}}, {"model": "admin.logentry", "pk": 78, "fields": {"action_time": "2021-11-28T10:24:59.943Z", "user": 1, "content_type": 10, "object_id": "42", "object_repr": "Поддержка ПП: Сообщения по теме обращения", "action_flag": 1, "change_message": "[{\"added\": {}}]"}}, {"model": "admin.logentry", "pk": 79, "fields": {"action_time": "2021-11-28T10:25:22.353Z", "user": 1, "content_type": 10, "object_id": "43", "object_repr": "Уведомление о поступлении заявки в службу технической поддержки", "action_flag": 1, "change_message": "[{\"added\": {}}]"}}, {"model": "admin.logentry", "pk": 80, "fields": {"action_time": "2021-11-28T10:26:16.368Z", "user": 1, "content_type": 10, "object_id": "44", "object_repr": "Уведомление заказчика о блокировке компании", "action_flag": 1, "change_message": "[{\"added\": {}}]"}}, {"model": "admin.logentry", "pk": 81, "fields": {"action_time": "2021-11-28T10:26:33.548Z", "user": 1, "content_type": 10, "object_id": "45", "object_repr": "Уведомление поставщика о блокировке компании", "action_flag": 1, "change_message": "[{\"added\": {}}]"}}, {"model": "admin.logentry", "pk": 82, "fields": {"action_time": "2021-11-28T10:26:48.513Z", "user": 1, "content_type": 10, "object_id": "44", "object_repr": "Уведомление заказчика о блокировке компании", "action_flag": 2, "change_message": "[{\"changed\": {\"fields\": [\"\\u0413\\u0440\\u0443\\u043f\\u043f\\u0430\"]}}]"}}, {"model": "admin.logentry", "pk": 83, "fields": {"action_time": "2021-11-28T10:26:57.972Z", "user": 1, "content_type": 10, "object_id": "45", "object_repr": "Уведомление поставщика о блокировке компании", "action_flag": 2, "change_message": "[]"}}, {"model": "admin.logentry", "pk": 84, "fields": {"action_time": "2021-11-28T10:27:17.341Z", "user": 1, "content_type": 10, "object_id": "46", "object_repr": "Уведомление о разблокировке компании", "action_flag": 1, "change_message": "[{\"added\": {}}]"}}, {"model": "admin.logentry", "pk": 85, "fields": {"action_time": "2021-11-28T10:27:34.797Z", "user": 1, "content_type": 10, "object_id": "47", "object_repr": "Завершение регистрации", "action_flag": 1, "change_message": "[{\"added\": {}}]"}}, {"model": "admin.logentry", "pk": 86, "fields": {"action_time": "2021-11-28T10:27:50.172Z", "user": 1, "content_type": 10, "object_id": "48", "object_repr": "Профиль: Ошибка при изменении профиля компании", "action_flag": 1, "change_message": "[{\"added\": {}}]"}}, {"model": "admin.logentry", "pk": 87, "fields": {"action_time": "2021-11-28T10:28:08.762Z", "user": 1, "content_type": 10, "object_id": "49", "object_repr": "Лимиты особых закупок: превышение лимита", "action_flag": 1, "change_message": "[{\"added\": {}}]"}}, {"model": "admin.logentry", "pk": 88, "fields": {"action_time": "2021-11-28T10:28:36.031Z", "user": 1, "content_type": 10, "object_id": "50", "object_repr": "Чат: новое сообщение", "action_flag": 1, "change_message": "[{\"added\": {}}]"}}, {"model": "admin.logentry", "pk": 89, "fields": {"action_time": "2021-11-28T10:29:35.139Z", "user": 1, "content_type": 10, "object_id": "51", "object_repr": "Уведомление об изменении статуса заявки на регистрацию данных поставщика", "action_flag": 1, "change_message": "[{\"added\": {}}]"}}, {"model": "admin.logentry", "pk": 90, "fields": {"action_time": "2021-11-28T10:30:15.569Z", "user": 1, "content_type": 10, "object_id": "52", "object_repr": "Получение рассылки об обновлениях Портала поставщиком и приглашения на мероприятия", "action_flag": 1, "change_message": "[{\"added\": {}}]"}}, {"model": "admin.logentry", "pk": 91, "fields": {"action_time": "2021-11-28T10:30:32.639Z", "user": 1, "content_type": 10, "object_id": "52", "object_repr": "Получение рассылки об обновлениях Портала поставщиком и приглашения на мероприятия", "action_flag": 2, "change_message": "[{\"changed\": {\"fields\": [\"\\u041f\\u0440\\u0438\\u043e\\u0440\\u0438\\u0442\\u0435\\u0442\"]}}]"}}, {"model": "admin.logentry", "pk": 92, "fields": {"action_time": "2021-11-28T10:30:37.727Z", "user": 1, "content_type": 10, "object_id": "53", "object_repr": "Уведомление о смене почты", "action_flag": 1, "change_message": "[{\"added\": {}}]"}}, {"model": "admin.logentry", "pk": 93, "fields": {"action_time": "2021-11-28T10:30:47.173Z", "user": 1, "content_type": 10, "object_id": "54", "object_repr": "Уведомление о новом временном пароле", "action_flag": 1, "change_message": "[{\"added\": {}}]"}}, {"model": "admin.logentry", "pk": 94, "fields": {"action_time": "2021-11-28T10:31:05.320Z", "user": 1, "content_type": 10, "object_id": "55", "object_repr": "Уведомление администратора о блокировке компании", "action_flag": 1, "change_message": "[{\"added\": {}}]"}}, {"model": "admin.logentry", "pk": 95, "fields": {"action_time": "2021-11-28T10:31:16.087Z", "user": 1, "content_type": 10, "object_id": "56", "object_repr": "Уведомление о блокировке компании", "action_flag": 1, "change_message": "[{\"added\": {}}]"}}, {"model": "admin.logentry", "pk": 96, "fields": {"action_time": "2021-11-28T10:31:35.838Z", "user": 1, "content_type": 10, "object_id": "57", "object_repr": "Уведомление об изменении статуса заявки на регистрацию данных заказчика", "action_flag": 1, "change_message": "[{\"added\": {}}]"}}, {"model": "admin.logentry", "pk": 97, "fields": {"action_time": "2021-11-28T10:33:08.661Z", "user": 1, "content_type": 10, "object_id": "58", "object_repr": "Изменение статуса УПД: получено заказчиком", "action_flag": 1, "change_message": "[{\"added\": {}}]"}}, {"model": "admin.logentry", "pk": 98, "fields": {"action_time": "2021-11-28T10:33:22.227Z", "user": 1, "content_type": 10, "object_id": "59", "object_repr": "Исполнение контракта (ЭДО): Принято извещение о получении документа", "action_flag": 1, "change_message": "[{\"added\": {}}]"}}, {"model": "admin.logentry", "pk": 99, "fields": {"action_time": "2021-11-28T10:33:31.200Z", "user": 1, "content_type": 10, "object_id": "60", "object_repr": "Исполнение контракта (ЭДО): Получено уведомление об уточнении", "action_flag": 1, "change_message": "[{\"added\": {}}]"}}, {"model": "admin.logentry", "pk": 100, "fields": {"action_time": "2021-11-28T10:33:40.971Z", "user": 1, "content_type": 10, "object_id": "61", "object_repr": "Исполнение контракта (ЭДО): Получено подтверждение исполнения", "action_flag": 1, "change_message": "[{\"added\": {}}]"}}, {"model": "admin.logentry", "pk": 101, "fields": {"action_time": "2021-11-28T10:33:50.609Z", "user": 1, "content_type": 10, "object_id": "62", "object_repr": "Регистрация поставщика у Оператора ЭДО: Пользователь успешно зарегистрирован", "action_flag": 1, "change_message": "[{\"added\": {}}]"}}, {"model": "admin.logentry", "pk": 102, "fields": {"action_time": "2021-11-28T10:34:02.557Z", "user": 1, "content_type": 10, "object_id": "63", "object_repr": "Регистрация поставщика у Оператора ЭДО: Ошибка регистрации", "action_flag": 1, "change_message": "[{\"added\": {}}]"}}, {"model": "admin.logentry", "pk": 103, "fields": {"action_time": "2021-11-28T10:34:19.907Z", "user": 1, "content_type": 10, "object_id": "64", "object_repr": "Напоминание о наступающих сроках исполнения этапа контракта", "action_flag": 1, "change_message": "[{\"added\": {}}]"}}, {"model": "admin.logentry", "pk": 104, "fields": {"action_time": "2021-11-28T10:34:32.832Z", "user": 1, "content_type": 10, "object_id": "65", "object_repr": "Уведомление о подтверждении исполнения этапа контракта заказчиком", "action_flag": 1, "change_message": "[{\"added\": {}}]"}}, {"model": "admin.logentry", "pk": 105, "fields": {"action_time": "2021-11-28T10:34:44.195Z", "user": 1, "content_type": 10, "object_id": "66", "object_repr": "Уведомление об отклонении исполнения этапа контракта заказчиком", "action_flag": 1, "change_message": "[{\"added\": {}}]"}}, {"model": "admin.logentry", "pk": 106, "fields": {"action_time": "2021-11-28T10:36:03.386Z", "user": 1, "content_type": 11, "object_id": "5", "object_repr": "Уведомление о приглашении на участие в закупке по потребности 1", "action_flag": 1, "change_message": "[{\"added\": {}}]"}}, {"model": "admin.logentry", "pk": 107, "fields": {"action_time": "2021-11-28T10:36:11.478Z", "user": 1, "content_type": 11, "object_id": "5", "object_repr": "Уведомление об отклонении заявки поставщиком 1", "action_flag": 2, "change_message": "[{\"changed\": {\"fields\": [\"\\u0421\\u043e\\u0431\\u044b\\u0442\\u0438\\u0435\"]}}]"}}, {"model": "admin.logentry", "pk": 108, "fields": {"action_time": "2021-11-28T10:36:13.939Z", "user": 1, "content_type": 11, "object_id": "5", "object_repr": "Уведомление для поставщика о заключенном доп. соглашении 1", "action_flag": 2, "change_message": "[{\"changed\": {\"fields\": [\"\\u0421\\u043e\\u0431\\u044b\\u0442\\u0438\\u0435\"]}}]"}}, {"model": "admin.logentry", "pk": 109, "fields": {"action_time": "2021-11-28T10:36:17.977Z", "user": 1, "content_type": 11, "object_id": "5", "object_repr": "Уведомление для поставщика о подписанном расторжении 1", "action_flag": 2, "change_message": "[{\"changed\": {\"fields\": [\"\\u0421\\u043e\\u0431\\u044b\\u0442\\u0438\\u0435\"]}}]"}}, {"model": "admin.logentry", "pk": 110, "fields": {"action_time": "2021-11-28T10:36:20.811Z", "user": 1, "content_type": 11, "object_id": "5", "object_repr": "Уведомление для поставщика о заключенном контракте 1", "action_flag": 2, "change_message": "[{\"changed\": {\"fields\": [\"\\u0421\\u043e\\u0431\\u044b\\u0442\\u0438\\u0435\"]}}]"}}, {"model": "admin.logentry", "pk": 111, "fields": {"action_time": "2021-11-28T10:37:37.496Z", "user": 1, "content_type": 11, "object_id": "5", "object_repr": "Уведомление о приглашении на участие в закупке по потребности 1", "action_flag": 2, "change_message": "[{\"changed\": {\"fields\": [\"\\u0421\\u043e\\u0431\\u044b\\u0442\\u0438\\u0435\"]}}]"}}, {"model": "admin.logentry", "pk": 112, "fields": {"action_time": "2021-11-28T10:37:59.213Z", "user": 1, "content_type": 11, "object_id": "6", "object_repr": "Уведомление об отклонении заявки поставщиком 1", "action_flag": 1, "change_message": "[{\"added\": {}}]"}}, {"model": "admin.logentry", "pk": 113, "fields": {"action_time": "2021-11-28T10:38:06.732Z", "user": 1, "content_type": 11, "object_id": "7", "object_repr": "Уведомление для поставщика о заключенном доп. соглашении 1", "action_flag": 1, "change_message": "[{\"added\": {}}]"}}, {"model": "admin.logentry", "pk": 114, "fields": {"action_time": "2021-11-28T10:38:17.714Z", "user": 1, "content_type": 11, "object_id": "8", "object_repr": "Уведомление для поставщика о заключенном контракте 1", "action_flag": 1, "change_message": "[{\"added\": {}}]"}}, {"model": "admin.logentry", "pk": 115, "fields": {"action_time": "2021-11-28T10:38:27.424Z", "user": 1, "content_type": 11, "object_id": "9", "object_repr": "Уведомление поставщика о протоколе разногласий заказчика с контрактом 1", "action_flag": 1, "change_message": "[{\"added\": {}}]"}}, {"model": "admin.logentry", "pk": 116, "fields": {"action_time": "2021-11-28T10:38:37.446Z", "user": 1, "content_type": 11, "object_id": "10", "object_repr": "Уведомление поставщика об отказе заказчика от заключения контракта 1", "action_flag": 1, "change_message": "[{\"added\": {}}]"}}, {"model": "admin.logentry", "pk": 117, "fields": {"action_time": "2021-11-28T10:38:44.607Z", "user": 1, "content_type": 11, "object_id": "11", "object_repr": "Уведомление заказчика об отказе поставщика от заключения контракта 1", "action_flag": 1, "change_message": "[{\"added\": {}}]"}}, {"model": "admin.logentry", "pk": 118, "fields": {"action_time": "2021-11-28T10:38:53.032Z", "user": 1, "content_type": 11, "object_id": "12", "object_repr": "Уведомление об автоматическом отказе от заключения контракта 1", "action_flag": 1, "change_message": "[{\"added\": {}}]"}}, {"model": "admin.logentry", "pk": 119, "fields": {"action_time": "2021-11-28T10:39:02.390Z", "user": 1, "content_type": 11, "object_id": "13", "object_repr": "Уведомление о запросе продления срока обработки контракта покупателем 1", "action_flag": 1, "change_message": "[{\"added\": {}}]"}}, {"model": "admin.logentry", "pk": 120, "fields": {"action_time": "2021-11-28T10:39:11.943Z", "user": 1, "content_type": 11, "object_id": "14", "object_repr": "Уведомление о запросе продления срока обработки контракта поставщиком 1", "action_flag": 1, "change_message": "[{\"added\": {}}]"}}, {"model": "admin.logentry", "pk": 121, "fields": {"action_time": "2021-11-28T10:39:21.663Z", "user": 1, "content_type": 11, "object_id": "15", "object_repr": "Уведомление о продлении срока обработки контракта 1", "action_flag": 1, "change_message": "[{\"added\": {}}]"}}, {"model": "admin.logentry", "pk": 122, "fields": {"action_time": "2021-11-28T10:39:28.730Z", "user": 1, "content_type": 11, "object_id": "16", "object_repr": "Уведомление об отказе в продлении срока обработки контракта 1", "action_flag": 1, "change_message": "[{\"added\": {}}]"}}, {"model": "admin.logentry", "pk": 123, "fields": {"action_time": "2021-11-28T10:39:42.810Z", "user": 1, "content_type": 11, "object_id": "17", "object_repr": "Уведомление о направлении проекта контракта заказчиком 1", "action_flag": 1, "change_message": "[{\"added\": {}}]"}}, {"model": "admin.logentry", "pk": 124, "fields": {"action_time": "2021-11-28T10:39:55.959Z", "user": 1, "content_type": 11, "object_id": "18", "object_repr": "Уведомление об отправке доп.соглашения заказчиком 1", "action_flag": 1, "change_message": "[{\"added\": {}}]"}}, {"model": "admin.logentry", "pk": 125, "fields": {"action_time": "2021-11-28T10:40:08.949Z", "user": 1, "content_type": 12, "object_id": "5", "object_repr": "admin Уведомление о приглашении на участие в закупке по потребности 1", "action_flag": 1, "change_message": "[{\"added\": {}}]"}}, {"model": "admin.logentry", "pk": 126, "fields": {"action_time": "2021-11-28T10:40:13.803Z", "user": 1, "content_type": 12, "object_id": "6", "object_repr": "admin Уведомление об отклонении заявки поставщиком 1", "action_flag": 1, "change_message": "[{\"added\": {}}]"}}, {"model": "admin.logentry", "pk": 127, "fields": {"action_time": "2021-11-28T10:40:18.193Z", "user": 1, "content_type": 12, "object_id": "7", "object_repr": "admin Уведомление для поставщика о заключенном доп. соглашении 1", "action_flag": 1, "change_message": "[{\"added\": {}}]"}}, {"model": "admin.logentry", "pk": 128, "fields": {"action_time": "2021-11-28T10:40:24.268Z", "user": 1, "content_type": 12, "object_id": "8", "object_repr": "admin Уведомление для поставщика о заключенном контракте 1", "action_flag": 1, "change_message": "[{\"added\": {}}]"}}, {"model": "admin.logentry", "pk": 129, "fields": {"action_time": "2021-11-28T10:40:28.684Z", "user": 1, "content_type": 12, "object_id": "9", "object_repr": "admin Уведомление поставщика о протоколе разногласий заказчика с контрактом 1", "action_flag": 1, "change_message": "[{\"added\": {}}]"}}, {"model": "admin.logentry", "pk": 130, "fields": {"action_time": "2021-11-28T10:40:35.429Z", "user": 1, "content_type": 12, "object_id": "10", "object_repr": "admin Уведомление поставщика об отказе заказчика от заключения контракта 1", "action_flag": 1, "change_message": "[{\"added\": {}}]"}}, {"model": "admin.logentry", "pk": 131, "fields": {"action_time": "2021-11-28T10:40:40.184Z", "user": 1, "content_type": 12, "object_id": "11", "object_repr": "admin Уведомление заказчика об отказе поставщика от заключения контракта 1", "action_flag": 1, "change_message": "[{\"added\": {}}]"}}, {"model": "admin.logentry", "pk": 132, "fields": {"action_time": "2021-11-28T10:40:45.460Z", "user": 1, "content_type": 12, "object_id": "12", "object_repr": "admin Уведомление об автоматическом отказе от заключения контракта 1", "action_flag": 1, "change_message": "[{\"added\": {}}]"}}, {"model": "admin.logentry", "pk": 133, "fields": {"action_time": "2021-11-28T10:40:49.966Z", "user": 1, "content_type": 12, "object_id": "13", "object_repr": "admin Уведомление о запросе продления срока обработки контракта покупателем 1", "action_flag": 1, "change_message": "[{\"added\": {}}]"}}, {"model": "admin.logentry", "pk": 134, "fields": {"action_time": "2021-11-28T10:40:59.304Z", "user": 1, "content_type": 12, "object_id": "14", "object_repr": "admin Уведомление о запросе продления срока обработки контракта поставщиком 1", "action_flag": 1, "change_message": "[{\"added\": {}}]"}}, {"model": "admin.logentry", "pk": 135, "fields": {"action_time": "2021-11-28T10:41:03.989Z", "user": 1, "content_type": 12, "object_id": "15", "object_repr": "admin Уведомление о продлении срока обработки контракта 1", "action_flag": 1, "change_message": "[{\"added\": {}}]"}}, {"model": "admin.logentry", "pk": 136, "fields": {"action_time": "2021-11-28T10:41:09.000Z", "user": 1, "content_type": 12, "object_id": "16", "object_repr": "admin Уведомление об отказе в продлении срока обработки контракта 1", "action_flag": 1, "change_message": "[{\"added\": {}}]"}}, {"model": "admin.logentry", "pk": 137, "fields": {"action_time": "2021-11-28T10:41:16.237Z", "user": 1, "content_type": 12, "object_id": "17", "object_repr": "admin Уведомление о направлении проекта контракта заказчиком 1", "action_flag": 1, "change_message": "[{\"added\": {}}]"}}, {"model": "admin.logentry", "pk": 138, "fields": {"action_time": "2021-11-28T10:41:21.199Z", "user": 1, "content_type": 12, "object_id": "18", "object_repr": "admin Уведомление об отправке доп.соглашения заказчиком 1", "action_flag": 1, "change_message": "[{\"added\": {}}]"}}, {"model": "auth.permission", "pk": 1, "fields": {"name": "Can add Theme", "content_type": 1, "codename": "add_theme"}}, {"model": "auth.permission", "pk": 2, "fields": {"name": "Can change Theme", "content_type": 1, "codename": "change_theme"}}, {"model": "auth.permission", "pk": 3, "fields": {"name": "Can delete Theme", "content_type": 1, "codename": "delete_theme"}}, {"model": "auth.permission", "pk": 4, "fields": {"name": "Can view Theme", "content_type": 1, "codename": "view_theme"}}, {"model": "auth.permission", "pk": 5, "fields": {"name": "Can add log entry", "content_type": 2, "codename": "add_logentry"}}, {"model": "auth.permission", "pk": 6, "fields": {"name": "Can change log entry", "content_type": 2, "codename": "change_logentry"}}, {"model": "auth.permission", "pk": 7, "fields": {"name": "Can delete log entry", "content_type": 2, "codename": "delete_logentry"}}, {"model": "auth.permission", "pk": 8, "fields": {"name": "Can view log entry", "content_type": 2, "codename": "view_logentry"}}, {"model": "auth.permission", "pk": 9, "fields": {"name": "Can add permission", "content_type": 3, "codename": "add_permission"}}, {"model": "auth.permission", "pk": 10, "fields": {"name": "Can change permission", "content_type": 3, "codename": "change_permission"}}, {"model": "auth.permission", "pk": 11, "fields": {"name": "Can delete permission", "content_type": 3, "codename": "delete_permission"}}, {"model": "auth.permission", "pk": 12, "fields": {"name": "Can view permission", "content_type": 3, "codename": "view_permission"}}, {"model": "auth.permission", "pk": 13, "fields": {"name": "Can add group", "content_type": 4, "codename": "add_group"}}, {"model": "auth.permission", "pk": 14, "fields": {"name": "Can change group", "content_type": 4, "codename": "change_group"}}, {"model": "auth.permission", "pk": 15, "fields": {"name": "Can delete group", "content_type": 4, "codename": "delete_group"}}, {"model": "auth.permission", "pk": 16, "fields": {"name": "Can view group", "content_type": 4, "codename": "view_group"}}, {"model": "auth.permission", "pk": 17, "fields": {"name": "Can add content type", "content_type": 5, "codename": "add_contenttype"}}, {"model": "auth.permission", "pk": 18, "fields": {"name": "Can change content type", "content_type": 5, "codename": "change_contenttype"}}, {"model": "auth.permission", "pk": 19, "fields": {"name": "Can delete content type", "content_type": 5, "codename": "delete_contenttype"}}, {"model": "auth.permission", "pk": 20, "fields": {"name": "Can view content type", "content_type": 5, "codename": "view_contenttype"}}, {"model": "auth.permission", "pk": 21, "fields": {"name": "Can add session", "content_type": 6, "codename": "add_session"}}, {"model": "auth.permission", "pk": 22, "fields": {"name": "Can change session", "content_type": 6, "codename": "change_session"}}, {"model": "auth.permission", "pk": 23, "fields": {"name": "Can delete session", "content_type": 6, "codename": "delete_session"}}, {"model": "auth.permission", "pk": 24, "fields": {"name": "Can view session", "content_type": 6, "codename": "view_session"}}, {"model": "auth.permission", "pk": 25, "fields": {"name": "Can add API key", "content_type": 7, "codename": "add_apikey"}}, {"model": "auth.permission", "pk": 26, "fields": {"name": "Can change API key", "content_type": 7, "codename": "change_apikey"}}, {"model": "auth.permission", "pk": 27, "fields": {"name": "Can delete API key", "content_type": 7, "codename": "delete_apikey"}}, {"model": "auth.permission", "pk": 28, "fields": {"name": "Can view API key", "content_type": 7, "codename": "view_apikey"}}, {"model": "auth.permission", "pk": 29, "fields": {"name": "Can add group", "content_type": 8, "codename": "add_proxygroup"}}, {"model": "auth.permission", "pk": 30, "fields": {"name": "Can change group", "content_type": 8, "codename": "change_proxygroup"}}, {"model": "auth.permission", "pk": 31, "fields": {"name": "Can delete group", "content_type": 8, "codename": "delete_proxygroup"}}, {"model": "auth.permission", "pk": 32, "fields": {"name": "Can view group", "content_type": 8, "codename": "view_proxygroup"}}, {"model": "auth.permission", "pk": 33, "fields": {"name": "Can add user", "content_type": 9, "codename": "add_user"}}, {"model": "auth.permission", "pk": 34, "fields": {"name": "Can change user", "content_type": 9, "codename": "change_user"}}, {"model": "auth.permission", "pk": 35, "fields": {"name": "Can delete user", "content_type": 9, "codename": "delete_user"}}, {"model": "auth.permission", "pk": 36, "fields": {"name": "Can view user", "content_type": 9, "codename": "view_user"}}, {"model": "auth.permission", "pk": 37, "fields": {"name": "Can add Событие", "content_type": 10, "codename": "add_event"}}, {"model": "auth.permission", "pk": 38, "fields": {"name": "Can change Событие", "content_type": 10, "codename": "change_event"}}, {"model": "auth.permission", "pk": 39, "fields": {"name": "Can delete Событие", "content_type": 10, "codename": "delete_event"}}, {"model": "auth.permission", "pk": 40, "fields": {"name": "Can view Событие", "content_type": 10, "codename": "view_event"}}, {"model": "auth.permission", "pk": 41, "fields": {"name": "Can add Уведомление", "content_type": 11, "codename": "add_notice"}}, {"model": "auth.permission", "pk": 42, "fields": {"name": "Can change Уведомление", "content_type": 11, "codename": "change_notice"}}, {"model": "auth.permission", "pk": 43, "fields": {"name": "Can delete Уведомление", "content_type": 11, "codename": "delete_notice"}}, {"model": "auth.permission", "pk": 44, "fields": {"name": "Can view Уведомление", "content_type": 11, "codename": "view_notice"}}, {"model": "auth.permission", "pk": 45, "fields": {"name": "Can add Отправка уведомления", "content_type": 12, "codename": "add_sendnotice"}}, {"model": "auth.permission", "pk": 46, "fields": {"name": "Can change Отправка уведомления", "content_type": 12, "codename": "change_sendnotice"}}, {"model": "auth.permission", "pk": 47, "fields": {"name": "Can delete Отправка уведомления", "content_type": 12, "codename": "delete_sendnotice"}}, {"model": "auth.permission", "pk": 48, "fields": {"name": "Can view Отправка уведомления", "content_type": 12, "codename": "view_sendnotice"}}, {"model": "auth.permission", "pk": 49, "fields": {"name": "Can add Группа событий", "content_type": 13, "codename": "add_groupevent"}}, {"model": "auth.permission", "pk": 50, "fields": {"name": "Can change Группа событий", "content_type": 13, "codename": "change_groupevent"}}, {"model": "auth.permission", "pk": 51, "fields": {"name": "Can delete Группа событий", "content_type": 13, "codename": "delete_groupevent"}}, {"model": "auth.permission", "pk": 52, "fields": {"name": "Can view Группа событий", "content_type": 13, "codename": "view_groupevent"}}, {"model": "contenttypes.contenttype", "pk": 1, "fields": {"app_label": "admin_interface", "model": "theme"}}, {"model": "contenttypes.contenttype", "pk": 2, "fields": {"app_label": "admin", "model": "logentry"}}, {"model": "contenttypes.contenttype", "pk": 3, "fields": {"app_label": "auth", "model": "permission"}}, {"model": "contenttypes.contenttype", "pk": 4, "fields": {"app_label": "auth", "model": "group"}}, {"model": "contenttypes.contenttype", "pk": 5, "fields": {"app_label": "contenttypes", "model": "contenttype"}}, {"model": "contenttypes.contenttype", "pk": 6, "fields": {"app_label": "sessions", "model": "session"}}, {"model": "contenttypes.contenttype", "pk": 7, "fields": {"app_label": "rest_framework_api_key", "model": "apikey"}}, {"model": "contenttypes.contenttype", "pk": 8, "fields": {"app_label": "auth_api", "model": "proxygroup"}}, {"model": "contenttypes.contenttype", "pk": 9, "fields": {"app_label": "auth_api", "model": "user"}}, {"model": "contenttypes.contenttype", "pk": 10, "fields": {"app_label": "notice", "model": "event"}}, {"model": "contenttypes.contenttype", "pk": 11, "fields": {"app_label": "notice", "model": "notice"}}, {"model": "contenttypes.contenttype", "pk": 12, "fields": {"app_label": "notice", "model": "sendnotice"}}, {"model": "contenttypes.contenttype", "pk": 13, "fields": {"app_label": "notice", "model": "groupevent"}}, {"model": "sessions.session", "pk": "xnsupwa5q60dprf4qbo6e8qe223ec4un", "fields": {"session_data": ".eJxVjMEOwiAQRP-FsyGlrAv16N1vIMuySNWUpLQn47_bJj3oaZJ5b-atAq1LCWuTOYxJXZRRp98uEj9l2kF60HSvmuu0zGPUu6IP2vStJnldD_fvoFAr2xqyB0ZyLEMHAmggoul9J4hu6MF7zimh44hDFEdZtgRrMp0tiwVUny_b7zfw:1mqwhB:Cgo62yLKaPCvUxyFZS7oEm7CG1QGYPKI5NpbGxtUEdU", "expire_date": "2021-12-11T12:20:45.407Z"}}, {"model": "auth_api.user", "pk": 1, "fields": {"password": "pbkdf2_sha256$260000$Q0l8WqdrbfwIzDlon6OIWC$k6oIO660dbzFP3NMbDg5OCZlPzL9nc6Vd3vCOEfC8jQ=", "last_login": "2021-11-27T12:20:45.327Z", "is_superuser": true, "username": "admin", "first_name": "", "last_name": "", "email": "admin@admin.com", "is_staff": true, "is_active": true, "date_joined": "2021-11-27T12:15:12.836Z", "groups": [], "user_permissions": []}}, {"model": "notice.groupevent", "pk": 2, "fields": {"name": "Котировочные сессии"}}, {"model": "notice.groupevent", "pk": 3, "fields": {"name": "Закупки по потребностям и прямая закупка"}}, {"model": "notice.groupevent", "pk": 4, "fields": {"name": "Оферты и СТЕ"}}, {"model": "notice.groupevent", "pk": 5, "fields": {"name": "Контракты и протоколы разногласий"}}, {"model": "notice.groupevent", "pk": 6, "fields": {"name": "ЭДО"}}, {"model": "notice.groupevent", "pk": 7, "fields": {"name": "Управление учетной записью и общественные обсуждения"}}, {"model": "notice.groupevent", "pk": 8, "fields": {"name": "Уведомление о блокировке"}}, {"model": "notice.groupevent", "pk": 9, "fields": {"name": "Публичный профиль компании"}}, {"model": "notice.groupevent", "pk": 10, "fields": {"name": "Техподдержка"}}, {"model": "notice.event", "pk": 2, "fields": {"title": "Уведомление о приглашении на участие в закупке по потребности", "priority": 2, "group": 3}}, {"model": "notice.event", "pk": 3, "fields": {"title": "Уведомление об отклонении заявки поставщиком", "priority": 3, "group": 3}}, {"model": "notice.event", "pk": 4, "fields": {"title": "Уведомление для поставщика о заключенном доп. соглашении", "priority": 2, "group": 5}}, {"model": "notice.event", "pk": 5, "fields": {"title": "Уведомление для поставщика о подписанном расторжении", "priority": 2, "group": 5}}, {"model": "notice.event", "pk": 6, "fields": {"title": "Уведомление для поставщика о заключенном контракте", "priority": 3, "group": 5}}, {"model": "notice.event", "pk": 7, "fields": {"title": "Уведомление поставщика о протоколе разногласий заказчика с контрактом", "priority": 3, "group": 5}}, {"model": "notice.event", "pk": 8, "fields": {"title": "Уведомление поставщика об отказе заказчика от заключения контракта", "priority": 3, "group": 5}}, {"model": "notice.event", "pk": 9, "fields": {"title": "Уведомление заказчика об отказе поставщика от заключения контракта", "priority": 3, "group": 5}}, {"model": "notice.event", "pk": 10, "fields": {"title": "Уведомление об автоматическом отказе от заключения контракта", "priority": 3, "group": 5}}, {"model": "notice.event", "pk": 11, "fields": {"title": "Уведомление о запросе продления срока обработки контракта покупателем", "priority": 3, "group": 3}}, {"model": "notice.event", "pk": 12, "fields": {"title": "Уведомление о запросе продления срока обработки контракта поставщиком", "priority": 3, "group": 3}}, {"model": "notice.event", "pk": 13, "fields": {"title": "Уведомление о продлении срока обработки контракта", "priority": 2, "group": 5}}, {"model": "notice.event", "pk": 14, "fields": {"title": "Уведомление об отказе в продлении срока обработки контракта", "priority": 3, "group": 5}}, {"model": "notice.event", "pk": 15, "fields": {"title": "Уведомление о направлении проекта контракта заказчиком", "priority": 2, "group": 6}}, {"model": "notice.event", "pk": 16, "fields": {"title": "Уведомление об отправке доп.соглашения заказчиком", "priority": 3, "group": 5}}, {"model": "notice.event", "pk": 17, "fields": {"title": "Уведомление об отправке доп.соглашения поставщиком", "priority": 3, "group": 5}}, {"model": "notice.event", "pk": 18, "fields": {"title": "Уведомление об отправке расторжения заказчиком", "priority": 3, "group": 5}}, {"model": "notice.event", "pk": 19, "fields": {"title": "Уведомление об отправке расторжения поставщиком", "priority": 3, "group": 5}}, {"model": "notice.event", "pk": 20, "fields": {"title": "Уведомление об изменении статуса контракта", "priority": 2, "group": 5}}, {"model": "notice.event", "pk": 21, "fields": {"title": "Уведомление об успешной публикации всех оферт по котировочоной сессии", "priority": 2, "group": 2}}, {"model": "notice.event", "pk": 22, "fields": {"title": "Уведомление о невыполнении обязательств поставщиком", "priority": 3, "group": 2}}, {"model": "notice.event", "pk": 23, "fields": {"title": "Уведомление о снятии с публикации", "priority": 3, "group": 2}}, {"model": "notice.event", "pk": 24, "fields": {"title": "Уведомление о новой ставке в котировочной сессии", "priority": 3, "group": 2}}, {"model": "notice.event", "pk": 25, "fields": {"title": "Уведомление о победе в аукционе", "priority": 3, "group": 2}}, {"model": "notice.event", "pk": 26, "fields": {"title": "Уведомление владельцу об окончании котировочной сессии", "priority": 3, "group": 2}}, {"model": "notice.event", "pk": 27, "fields": {"title": "Уведомление владельцу о несостоявшемся аукционе", "priority": 3, "group": 2}}, {"model": "notice.event", "pk": 28, "fields": {"title": "Уведомление о публикации оферты", "priority": 3, "group": 2}}, {"model": "notice.event", "pk": 29, "fields": {"title": "Уведомление о завершении массовой загрузки оферт", "priority": 2, "group": 4}}, {"model": "notice.event", "pk": 30, "fields": {"title": "Уведомление об одобрении заявки на создание/изменение СТЕ", "priority": 3, "group": 4}}, {"model": "notice.event", "pk": 31, "fields": {"title": "Уведомление об отклонении заявки на создание/изменение СТЕ", "priority": 3, "group": 4}}, {"model": "notice.event", "pk": 32, "fields": {"title": "Уведомление о возвращении заявки на создание/изменение СТЕ в работу", "priority": 3, "group": 4}}, {"model": "notice.event", "pk": 33, "fields": {"title": "Уведомление о приближении окончания срока действия оферт", "priority": 3, "group": 4}}, {"model": "notice.event", "pk": 34, "fields": {"title": "Уведомление об отклонении заявки из-за наличия альтернативного СТЕ", "priority": 3, "group": 4}}, {"model": "notice.event", "pk": 35, "fields": {"title": "Уведомление о переводе СТЕ в архив", "priority": 2, "group": 4}}, {"model": "notice.event", "pk": 36, "fields": {"title": "Публичный профиль компании: отправлена заявка на изменение данных", "priority": 2, "group": 9}}, {"model": "notice.event", "pk": 37, "fields": {"title": "Публичный профиль компании: утверждена заявка на изменение данных", "priority": 2, "group": 9}}, {"model": "notice.event", "pk": 38, "fields": {"title": "Публичный профиль компании: отклонена заявка на изменение данных", "priority": 3, "group": 9}}, {"model": "notice.event", "pk": 39, "fields": {"title": "Публичный профиль компании (отзыв): новый отзыв на компанию", "priority": 2, "group": 9}}, {"model": "notice.event", "pk": 40, "fields": {"title": "Публичный профиль компании (отзыв): одобрен отзыв на компанию", "priority": 2, "group": 9}}, {"model": "notice.event", "pk": 41, "fields": {"title": "Публичный профиль компании (отзыв): отклонен отзыв на компанию", "priority": 2, "group": 9}}, {"model": "notice.event", "pk": 42, "fields": {"title": "Поддержка ПП: Сообщения по теме обращения", "priority": 2, "group": 10}}, {"model": "notice.event", "pk": 43, "fields": {"title": "Уведомление о поступлении заявки в службу технической поддержки", "priority": 1, "group": 10}}, {"model": "notice.event", "pk": 44, "fields": {"title": "Уведомление заказчика о блокировке компании", "priority": 3, "group": 8}}, {"model": "notice.event", "pk": 45, "fields": {"title": "Уведомление поставщика о блокировке компании", "priority": 3, "group": 8}}, {"model": "notice.event", "pk": 46, "fields": {"title": "Уведомление о разблокировке компании", "priority": 3, "group": 8}}, {"model": "notice.event", "pk": 47, "fields": {"title": "Завершение регистрации", "priority": 1, "group": 7}}, {"model": "notice.event", "pk": 48, "fields": {"title": "Профиль: Ошибка при изменении профиля компании", "priority": 3, "group": 7}}, {"model": "notice.event", "pk": 49, "fields": {"title": "Лимиты особых закупок: превышение лимита", "priority": 3, "group": 7}}, {"model": "notice.event", "pk": 50, "fields": {"title": "Чат: новое сообщение", "priority": 2, "group": 7}}, {"model": "notice.event", "pk": 51, "fields": {"title": "Уведомление об изменении статуса заявки на регистрацию данных поставщика", "priority": 2, "group": 7}}, {"model": "notice.event", "pk": 52, "fields": {"title": "Получение рассылки об обновлениях Портала поставщиком и приглашения на мероприятия", "priority": 1, "group": 10}}, {"model": "notice.event", "pk": 53, "fields": {"title": "Уведомление о смене почты", "priority": 2, "group": 7}}, {"model": "notice.event", "pk": 54, "fields": {"title": "Уведомление о новом временном пароле", "priority": 2, "group": 7}}, {"model": "notice.event", "pk": 55, "fields": {"title": "Уведомление администратора о блокировке компании", "priority": 3, "group": 8}}, {"model": "notice.event", "pk": 56, "fields": {"title": "Уведомление о блокировке компании", "priority": 3, "group": 8}}, {"model": "notice.event", "pk": 57, "fields": {"title": "Уведомление об изменении статуса заявки на регистрацию данных заказчика", "priority": 2, "group": 7}}, {"model": "notice.event", "pk": 58, "fields": {"title": "Изменение статуса УПД: получено заказчиком", "priority": 2, "group": 6}}, {"model": "notice.event", "pk": 59, "fields": {"title": "Исполнение контракта (ЭДО): Принято извещение о получении документа", "priority": 2, "group": 6}}, {"model": "notice.event", "pk": 60, "fields": {"title": "Исполнение контракта (ЭДО): Получено уведомление об уточнении", "priority": 2, "group": 6}}, {"model": "notice.event", "pk": 61, "fields": {"title": "Исполнение контракта (ЭДО): Получено подтверждение исполнения", "priority": 2, "group": 6}}, {"model": "notice.event", "pk": 62, "fields": {"title": "Регистрация поставщика у Оператора ЭДО: Пользователь успешно зарегистрирован", "priority": 1, "group": 6}}, {"model": "notice.event", "pk": 63, "fields": {"title": "Регистрация поставщика у Оператора ЭДО: Ошибка регистрации", "priority": 3, "group": 6}}, {"model": "notice.event", "pk": 64, "fields": {"title": "Напоминание о наступающих сроках исполнения этапа контракта", "priority": 3, "group": 6}}, {"model": "notice.event", "pk": 65, "fields": {"title": "Уведомление о подтверждении исполнения этапа контракта заказчиком", "priority": 2, "group": 6}}, {"model": "notice.event", "pk": 66, "fields": {"title": "Уведомление об отклонении исполнения этапа контракта заказчиком", "priority": 3, "group": 6}}, {"model": "notice.notice", "pk": 5, "fields": {"event": 2, "number_version": 1, "desc_version": "Lorem ipsum, dolor sit amet consectetur adipisicing elit. Repellat, voluptatum laboriosam ratione nisi reprehenderit est, exercitationem, impedit expe", "text": "Lorem ipsum, dolor sit amet consectetur adipisicing elit. Repellat, voluptatum laboriosam ratione nisi reprehenderit est, exercitationem, impedit expedita ad ab itaque id inventore laborum sapiente tempora aliquam ipsa rem harum! Laudantium, possimus! Ipsa omnis quibusdam molestias neque accusamus inventore itaque similique voluptatem sapiente solu", "img": ""}}, {"model": "notice.notice", "pk": 6, "fields": {"event": 3, "number_version": 1, "desc_version": "Lorem ipsum, dolor sit amet consectetur adipisicing elit. Sunt provident quaerat laboriosam consequatur cum eum error ad corporis, accusantium officii", "text": "Lorem ipsum, dolor sit amet consectetur adipisicing elit. Sunt provident quaerat laboriosam consequatur cum eum error ad corporis, accusantium officiis aspernatur veritatis fugit, debitis magni vero, neque rem repudiandae suscipit? Ullam, ipsa fugit incidunt quia odit iusto rem, quos aliquid minus maxime, voluptatibus sint omnis vero accusantium qu", "img": ""}}, {"model": "notice.notice", "pk": 7, "fields": {"event": 4, "number_version": 1, "desc_version": "Lorem ipsum, dolor sit amet consectetur adipisicing elit. Sunt provident quaerat laboriosam consequatur cum eum error ad corporis, accusantium officii", "text": "Lorem ipsum, dolor sit amet consectetur adipisicing elit. Sunt provident quaerat laboriosam consequatur cum eum error ad corporis, accusantium officiis aspernatur veritatis fugit, debitis magni vero, neque rem repudiandae suscipit? Ullam, ipsa fugit incidunt quia odit iusto rem, quos aliquid minus maxime, voluptatibus sint omnis vero accusantium qu", "img": ""}}, {"model": "notice.notice", "pk": 8, "fields": {"event": 6, "number_version": 1, "desc_version": "Lorem ipsum, dolor sit amet consectetur adipisicing elit. Sunt provident quaerat laboriosam consequatur cum eum error ad corporis, accusantium officii", "text": "Lorem ipsum, dolor sit amet consectetur adipisicing elit. Sunt provident quaerat laboriosam consequatur cum eum error ad corporis, accusantium officiis aspernatur veritatis fugit, debitis magni vero, neque rem repudiandae suscipit? Ullam, ipsa fugit incidunt quia odit iusto rem, quos aliquid minus maxime, voluptatibus sint omnis vero accusantium qu", "img": ""}}, {"model": "notice.notice", "pk": 9, "fields": {"event": 7, "number_version": 1, "desc_version": "Lorem ipsum, dolor sit amet consectetur adipisicing elit. Sunt provident quaerat laboriosam consequatur cum eum error ad corporis, accusantium officii", "text": "Lorem ipsum, dolor sit amet consectetur adipisicing elit. Sunt provident quaerat laboriosam consequatur cum eum error ad corporis, accusantium officiis aspernatur veritatis fugit, debitis magni vero, neque rem repudiandae suscipit? Ullam, ipsa fugit incidunt quia odit iusto rem, quos aliquid minus maxime, voluptatibus sint omnis vero accusantium qu", "img": ""}}, {"model": "notice.notice", "pk": 10, "fields": {"event": 8, "number_version": 1, "desc_version": "Lorem ipsum, dolor sit amet consectetur adipisicing elit. Sunt provident quaerat laboriosam consequatur cum eum error ad corporis, accusantium officii", "text": "Lorem ipsum, dolor sit amet consectetur adipisicing elit. Sunt provident quaerat laboriosam consequatur cum eum error ad corporis, accusantium officiis aspernatur veritatis fugit, debitis magni vero, neque rem repudiandae suscipit? Ullam, ipsa fugit incidunt quia odit iusto rem, quos aliquid minus maxime, voluptatibus sint omnis vero accusantium qu", "img": ""}}, {"model": "notice.notice", "pk": 11, "fields": {"event": 9, "number_version": 1, "desc_version": "Lorem ipsum, dolor sit amet consectetur adipisicing elit. Sunt provident quaerat laboriosam consequatur cum eum error ad corporis, accusantium officii", "text": "Lorem ipsum, dolor sit amet consectetur adipisicing elit. Sunt provident quaerat laboriosam consequatur cum eum error ad corporis, accusantium officiis aspernatur veritatis fugit, debitis magni vero, neque rem repudiandae suscipit? Ullam, ipsa fugit incidunt quia odit iusto rem, quos aliquid minus maxime, voluptatibus sint omnis vero accusantium qu", "img": ""}}, {"model": "notice.notice", "pk": 12, "fields": {"event": 10, "number_version": 1, "desc_version": "Lorem ipsum, dolor sit amet consectetur adipisicing elit. Sunt provident quaerat laboriosam consequatur cum eum error ad corporis, accusantium officii", "text": "Lorem ipsum, dolor sit amet consectetur adipisicing elit. Sunt provident quaerat laboriosam consequatur cum eum error ad corporis, accusantium officiis aspernatur veritatis fugit, debitis magni vero, neque rem repudiandae suscipit? Ullam, ipsa fugit incidunt quia odit iusto rem, quos aliquid minus maxime, voluptatibus sint omnis vero accusantium qu", "img": ""}}, {"model": "notice.notice", "pk": 13, "fields": {"event": 11, "number_version": 1, "desc_version": "Lorem ipsum, dolor sit amet consectetur adipisicing elit. Sunt provident quaerat laboriosam consequatur cum eum error ad corporis, accusantium officii", "text": "Lorem ipsum, dolor sit amet consectetur adipisicing elit. Sunt provident quaerat laboriosam consequatur cum eum error ad corporis, accusantium officiis aspernatur veritatis fugit, debitis magni vero, neque rem repudiandae suscipit? Ullam, ipsa fugit incidunt quia odit iusto rem, quos aliquid minus maxime, voluptatibus sint omnis vero accusantium qu", "img": ""}}, {"model": "notice.notice", "pk": 14, "fields": {"event": 12, "number_version": 1, "desc_version": "Lorem ipsum, dolor sit amet consectetur adipisicing elit. Sunt provident quaerat laboriosam consequatur cum eum error ad corporis, accusantium officii", "text": "Lorem ipsum, dolor sit amet consectetur adipisicing elit. Sunt provident quaerat laboriosam consequatur cum eum error ad corporis, accusantium officiis aspernatur veritatis fugit, debitis magni vero, neque rem repudiandae suscipit? Ullam, ipsa fugit incidunt quia odit iusto rem, quos aliquid minus maxime, voluptatibus sint omnis vero accusantium qu", "img": ""}}, {"model": "notice.notice", "pk": 15, "fields": {"event": 13, "number_version": 1, "desc_version": "Lorem ipsum, dolor sit amet consectetur adipisicing elit. Sunt provident quaerat laboriosam consequatur cum eum error ad corporis, accusantium officii", "text": "Lorem ipsum, dolor sit amet consectetur adipisicing elit. Sunt provident quaerat laboriosam consequatur cum eum error ad corporis, accusantium officiis aspernatur veritatis fugit, debitis magni vero, neque rem repudiandae suscipit? Ullam, ipsa fugit incidunt quia odit iusto rem, quos aliquid minus maxime, voluptatibus sint omnis vero accusantium qu", "img": ""}}, {"model": "notice.notice", "pk": 16, "fields": {"event": 14, "number_version": 1, "desc_version": "Lorem ipsum, dolor sit amet consectetur adipisicing elit. Sunt provident quaerat laboriosam consequatur cum eum error ad corporis, accusantium officii", "text": "Lorem ipsum, dolor sit amet consectetur adipisicing elit. Sunt provident quaerat laboriosam consequatur cum eum error ad corporis, accusantium officiis aspernatur veritatis fugit, debitis magni vero, neque rem repudiandae suscipit? Ullam, ipsa fugit incidunt quia odit iusto rem, quos aliquid minus maxime, voluptatibus sint omnis vero accusantium qu", "img": ""}}, {"model": "notice.notice", "pk": 17, "fields": {"event": 15, "number_version": 1, "desc_version": "Lorem ipsum, dolor sit amet consectetur adipisicing elit. Sunt provident quaerat laboriosam consequatur cum eum error ad corporis, accusantium officii", "text": "Lorem ipsum, dolor sit amet consectetur adipisicing elit. Sunt provident quaerat laboriosam consequatur cum eum error ad corporis, accusantium officiis aspernatur veritatis fugit, debitis magni vero, neque rem repudiandae suscipit? Ullam, ipsa fugit incidunt quia odit iusto rem, quos aliquid minus maxime, voluptatibus sint omnis vero accusantium qu", "img": ""}}, {"model": "notice.notice", "pk": 18, "fields": {"event": 16, "number_version": 1, "desc_version": "Lorem ipsum, dolor sit amet consectetur adipisicing elit. Sunt provident quaerat laboriosam consequatur cum eum error ad corporis, accusantium officii", "text": "Lorem ipsum, dolor sit amet consectetur adipisicing elit. Sunt provident quaerat laboriosam consequatur cum eum error ad corporis, accusantium officiis aspernatur veritatis fugit, debitis magni vero, neque rem repudiandae suscipit? Ullam, ipsa fugit incidunt quia odit iusto rem, quos aliquid minus maxime, voluptatibus sint omnis vero accusantium qu", "img": ""}}, {"model": "notice.sendnotice", "pk": 5, "fields": {"user": 1, "notice": 5, "date_of_send": "2021-11-28T10:40:00Z", "date_of_execution": null, "is_viewed": false, "is_archived": false}}, {"model": "notice.sendnotice", "pk": 6, "fields": {"user": 1, "notice": 6, "date_of_send": "2021-11-28T10:40:09Z", "date_of_execution": null, "is_viewed": false, "is_archived": false}}, {"model": "notice.sendnotice", "pk": 7, "fields": {"user": 1, "notice": 7, "date_of_send": "2021-11-28T10:40:14Z", "date_of_execution": null, "is_viewed": false, "is_archived": false}}, {"model": "notice.sendnotice", "pk": 8, "fields": {"user": 1, "notice": 8, "date_of_send": "2021-11-28T10:40:18Z", "date_of_execution": null, "is_viewed": false, "is_archived": false}}, {"model": "notice.sendnotice", "pk": 9, "fields": {"user": 1, "notice": 9, "date_of_send": "2021-11-28T10:40:24Z", "date_of_execution": null, "is_viewed": false, "is_archived": false}}, {"model": "notice.sendnotice", "pk": 10, "fields": {"user": 1, "notice": 10, "date_of_send": "2021-11-28T10:40:29Z", "date_of_execution": null, "is_viewed": false, "is_archived": false}}, {"model": "notice.sendnotice", "pk": 11, "fields": {"user": 1, "notice": 11, "date_of_send": "2021-11-28T10:40:35Z", "date_of_execution": null, "is_viewed": false, "is_archived": false}}, {"model": "notice.sendnotice", "pk": 12, "fields": {"user": 1, "notice": 12, "date_of_send": "2021-11-28T10:40:40Z", "date_of_execution": null, "is_viewed": false, "is_archived": false}}, {"model": "notice.sendnotice", "pk": 13, "fields": {"user": 1, "notice": 13, "date_of_send": "2021-11-28T10:40:45Z", "date_of_execution": null, "is_viewed": false, "is_archived": false}}, {"model": "notice.sendnotice", "pk": 14, "fields": {"user": 1, "notice": 14, "date_of_send": "2021-11-28T10:40:50Z", "date_of_execution": null, "is_viewed": false, "is_archived": false}}, {"model": "notice.sendnotice", "pk": 15, "fields": {"user": 1, "notice": 15, "date_of_send": "2021-11-28T10:40:59Z", "date_of_execution": null, "is_viewed": false, "is_archived": false}}, {"model": "notice.sendnotice", "pk": 16, "fields": {"user": 1, "notice": 16, "date_of_send": "2021-11-28T10:41:04Z", "date_of_execution": null, "is_viewed": false, "is_archived": false}}, {"model": "notice.sendnotice", "pk": 17, "fields": {"user": 1, "notice": 17, "date_of_send": "2021-11-28T10:41:09Z", "date_of_execution": null, "is_viewed": false, "is_archived": false}}, {"model": "notice.sendnotice", "pk": 18, "fields": {"user": 1, "notice": 18, "date_of_send": "2021-11-28T10:41:16Z", "date_of_execution": null, "is_viewed": false, "is_archived": false}}]